{
	"classes": [

		{
			"label_name": "Aleuria aurantia",
			"proper_name": "Orange peel fungus",
			"scientific": "Aleuria aurantia",
			"edibility": "Edible",
			"extratext": ""
		},

		{
			"label_name": "ascomycete",
			"proper_name": "Unknown ascomycete",
			"scientific": "Phylum ascomycete",
			"edibility": "Unknown",
			"extratext": ""
		},

		{
			"label_name": "basidiomycete",
			"proper_name": "Unknown basidiomycete",
			"scientific": "Phylum basidiomycete",
			"edibility": "Unknown",
			"extratext": ""
		},

		{
			"label_name": "beefsteak fungus",
			"proper_name": "Beefsteak fungus",
			"scientific": "Fistulina hepatica",
			"edibility": "Edible",
			"extratext": ""
		},

		{
			"label_name": "bird's-nest fungus",
			"proper_name": "Bird's Nest fungus",
			"scientific": "Family Nidulariaceae",
			"edibility": "Inedible",
			"extratext": ""
		},

		{
			"label_name": "black morel",
			"proper_name": "Black Morel",
			"scientific": "Morchella conica or angusticeps",
			"edibility": "Edible",
			"extratext": ""
		},

		{
			"label_name": "blushing mushroom",
			"proper_name": "Blushing Mushroom",
			"scientific": "Amanita rubescens",
			"edibility": "Edible",
			"extratext": ""
		},

		{
			"label_name": "bolete",
			"proper_name": "Unknown Bolete",
			"scientific": "Family Boletaceae",
			"edibility": "Unknown",
			"extratext": ""
		},

		{
			"label_name": "Boletus edulis",
			"proper_name": "Porcino",
			"scientific": "Boletus edulis",
			"edibility": "Edible",
			"extratext": ""
		},

		{
			"label_name": "bracket fungus",
			"proper_name": "Bracket Fungus",
			"scientific": "",
			"edibility": "Unknown",
			"extratext": ""
		},

		{
			"label_name": "chanterelle",
			"proper_name": "Chanterelle",
			"scientific": "Cantharellus cibarius",
			"edibility": "Caution",
			"extratext": "Edible but might be mistaken Jack O'Lanetern which is NOT edibility"
		},

		{
			"label_name": "club fungus",
			"proper_name": "Club Fungus",
			"scientific": "Genus Clavaria",
			"edibility": "Unknown",
			"extratext": ""
		},

		{
			"label_name": "common morel",
			"proper_name": "Common Morel",
			"scientific": "Morchella esculenta",
			"edibility": "Edible",
			"extratext": ""
		},

		{
			"label_name": "common stinkhorn",
			"proper_name": "Common Stinkhorn",
			"scientific": "Phallus impudicus",
			"edibility": "Edible",
			"extratext": ""
		},

		{
			"label_name": "coral fungus",
			"proper_name": "Coral Fungus",
			"scientific": "Family Clavariaceae",
			"edibility": "Unknown",
			"extratext": ""
		},

		{
			"label_name": "dead-man's-fingers",
			"proper_name": "Dead Man's Fingers",
			"scientific": "Xylaria polymorpha",
			"edibility": "Inedible",
			"extratext": ""
		},

		{
			"label_name": "death cap",
			"proper_name": "Death Cap",
			"scientific": "Amanita phalloides",
			"edibility": "POISONOUS",
			"extratext": ""
		},

		{
			"label_name": "deer mushroom",
			"proper_name": "Deer Mushroom",
			"scientific": "Pluteus cervinus",
			"edibility": "Edible",
			"extratext": ""
		},

		{
			"label_name": "destroying angel",
			"proper_name": "Destroying Angel",
			"scientific": "Amanita verna",
			"edibility": "POISONOUS",
			"extratext": ""
		},

		{
			"label_name": "discomycete",
			"proper_name": "Unknown Discomycete",
			"scientific": "Class Discomycete",
			"edibility": "Unknown",
			"extratext": ""
		},

		{
			"label_name": "earthball",
			"proper_name": "Earthball",
			"scientific": "Genus Scleroderma",
			"edibility": "Inedible",
			"extratext": ""
		},

		{
			"label_name": "earthstar",
			"proper_name": "Earthstar",
			"scientific": "Order Geastrales",
			"edibility": "Inedible",
			"extratext": ""
		},

		{
			"label_name": "elf cup",
			"proper_name": "Elf Cup",
			"scientific": "Family Pezizaceae",
			"edibility": "Unknown",
			"extratext": ""
		},

		{
			"label_name": "fairy-ring mushroom",
			"proper_name": "Fairy-Ring Mushroom",
			"scientific": "Marasmius oreades",
			"edibility": "Edible",
			"extratext": ""
		},

		{
			"label_name": "false deathcap",
			"proper_name": "False Death Cap",
			"scientific": "Amanita citrina",
			"edibility": "Inedible",
			"extratext": ""
		},

		{
			"label_name": "false morel",
			"proper_name": "False Morel",
			"scientific": "Family Helvellaceae",
			"edibility": "Unknown",
			"extratext": ""
		},

		{
			"label_name": "fly agaric",
			"proper_name": "Fly Agaric",
			"scientific": "Amanita muscaria",
			"edibility": "POISONOUS",
			"extratext": ""
		},

		{
			"label_name": "Fuscoboletinus paluster",
			"proper_name": "Red Bog Bolete",
			"scientific": "Suillus paluster",
			"edibility": "Edible",
			"extratext": ""
		},

		{
			"label_name": "Fuscoboletinus serotinus",
			"proper_name": "S. serotinus",
			"scientific": "Suillus serotinus",
			"edibility": "Edible",
			"extratext": ""
		},

		{
			"label_name": "giant puffball",
			"proper_name": "Giant Puffball",
			"scientific": "Calvatia gigantea",
			"edibility": "Edible",
			"extratext": ""
		},

		{
			"label_name": "gill fungus",
			"proper_name": "Unknown Gill Fungus",
			"scientific": "",
			"edibility": "Unknown",
			"extratext": ""
		},

		{
			"label_name": "gyromitra",
			"proper_name": "Gyromitra",
			"scientific": "Genus Gyromitra",
			"edibility": "Unknown",
			"extratext": ""
		},

		{
			"label_name": "helvella",
			"proper_name": "Helvella",
			"scientific": "Genus helvella",
			"edibility": "POISONOUS",
			"extratext": ""
		},

		{
			"label_name": "hen-of-the-woods",
			"proper_name": "Hen-of-the-Woods",
			"scientific": "Grifola frondosa",
			"edibility": "Edible",
			"extratext": ""
		},

		{
			"label_name": "honey mushroom",
			"proper_name": "Honey Mushroom",
			"scientific": "Armillariella mellea",
			"edibility": "Edible",
			"extratext": ""
		},

		{
			"label_name": "horse mushroom",
			"proper_name": "Horse Mushroom",
			"scientific": "Agaricus arvensis",
			"edibility": "Edible",
			"extratext": ""
		},

		{
			"label_name": "inky cap",
			"proper_name": "Inky Cap",
			"scientific": "Coprinopsis atramentaria",
			"edibility": "POISONOUS",
			"extratext": ""
		},

		{
			"label_name": "jelly fungus",
			"proper_name": "Jelly Fungus",
			"scientific": "Order Tremellales or Auriculariales",
			"edibility": "Unknown",
			"extratext": ""
		},

		{
			"label_name": "Jew's-ear",
			"proper_name": "Jelly Ear",
			"scientific": "Auricularia auricula-judae",
			"edibility": "Edible",
			"extratext": ""
		},

		{
			"label_name": "lepiota",
			"proper_name": "Lepiota",
			"scientific": "Genus Lepiota",
			"edibility": "POISONOUS",
			"extratext": ""
		},

		{
			"label_name": "meadow mushroom",
			"proper_name": "Meadow Mushroom",
			"scientific": "Agaricus campestris",
			"edibility": "Edible",
			"extratext": ""
		},

		{
			"label_name": "milkcap",
			"proper_name": "Milk Cap",
			"scientific": "Lactarius delicioso",
			"edibility": "Edible",
			"extratext": ""
		},

		{
			"label_name": "morel",
			"proper_name": "Morel",
			"scientific": "Genus Morchella",
			"edibility": "Edible",
			"extratext": ""
		},

		{
			"label_name": "oyster mushroom",
			"proper_name": "Oyster Mushroom",
			"scientific": "Pleurotus ostreatus",
			"edibility": "Edible",
			"extratext": ""
		},

		{
			"label_name": "parasol mushroom",
			"proper_name": "Parasol Mushroom",
			"scientific": "Macrolepiota procera",
			"edibility": "Edible",
			"extratext": ""
		},

		{
			"label_name": "Pholiota squarrosa",
			"proper_name": "Shaggy Scalycap",
			"scientific": "Pholiota squarrosa",
			"edibility": "Inedible",
			"extratext": ""
		},

		{
			"label_name": "polypore",
			"proper_name": "Polypore",
			"scientific": "Family Polyporaceae or Boletaceae",
			"edibility": "Unknown",
			"extratext": ""
		},

		{
			"label_name": "Polyporus squamosus",
			"proper_name": "Dryad's Saddle",
			"scientific": "Cerioporus squamosus",
			"edibility": "Edible",
			"extratext": ""
		},

		{
			"label_name": "puffball",
			"proper_name": "Puffball",
			"scientific": "Family Lycoperdaceae",
			"edibility": "Unknown",
			"extratext": ""
		},

		{
			"label_name": "royal agaric",
			"proper_name": "Caesar's Mushroom",
			"scientific": " Amanita caesarea",
			"edibility": "Caution",
			"extratext": "Edible but might be mistaken Fly Agaric which is POISONOUS"
		},

		{
			"label_name": "sandy mushroom",
			"proper_name": "Sandy Mushroom",
			"scientific": "Tricholoma populinum",
			"edibility": "Edible",
			"extratext": ""
		},

		{
			"label_name": "Sarcoscypha coccinea",
			"proper_name": "Scarlet Elf Cup",
			"scientific": "Sarcoscypha coccinea",
			"edibility": "Edible",
			"extratext": ""
		},

		{
			"label_name": "Scleroderma citrinum",
			"proper_name": "Common Earthball",
			"scientific": "Scleroderma citrinum",
			"edibility": "POISONOUS",
			"extratext": ""
		},

		{
			"label_name": "shaggymane",
			"proper_name": "Shaggy Mane",
			"scientific": "Coprinus comatus",
			"edibility": "Edible",
			"extratext": ""
		},

		{
			"label_name": "shiitake",
			"proper_name": "Shiitake",
			"scientific": "Lentinula edodes",
			"edibility": "Edible",
			"extratext": ""
		},

		{
			"label_name": "stalked puffball",
			"proper_name": "Stalked Puffball",
			"scientific": "Genus Tulostoma/Podaxis",
			"edibility": "Inedible",
			"extratext": ""
		},

		{
			"label_name": "stinkhorn",
			"proper_name": "Unknown Stinkhorn",
			"scientific": "Family Phallaceae",
			"edibility": "Unknown",
			"extratext": ""
		},

		{
			"label_name": "straw mushroom",
			"proper_name": "Straw Mushroom",
			"scientific": "Volvariella volvacea",
			"edibility": "Edible",
			"extratext": ""
		},

		{
			"label_name": "toadstool",
			"proper_name": "Inedible Toadstool",
			"scientific": "Order Agaricales",
			"edibility": "POISONOUS",
			"extratext": ""
		},

		{
			"label_name": "tooth fungus",
			"proper_name": "Tooth Fungus",
			"scientific": "Family Hydnaceae",
			"edibility": "Unknown",
			"extratext": ""
		},

		{
			"label_name": "truffle",
			"proper_name": "Truffle",
			"scientific": "Family Tuberaceae",
			"edibility": "Edible",
			"extratext": ""
		},

		{
			"label_name": "white fungus",
			"proper_name": "White Fungus",
			"scientific": "Tremella fuciformis",
			"edibility": "Edible",
			"extratext": ""
		},

		{
			"label_name": "winter mushroom",
			"proper_name": "Winter Mushroom",
			"scientific": "Flammulina velutipes",
			"edibility": "Edible",
			"extratext": ""
		},

		{
			"label_name": "witches' butter",
			"proper_name": "Witches' Butter",
			"scientific": "Tremella mesenterica",
			"edibility": "Edible",
			"extratext": ""
		},
		{
			"label_name": "dog stinkhorn",
			"proper_name": "Dog Stinkhorn",
			"scientific": "Mutinus caninus",
			"edibility": "Inedible",
			"extratext": ""
		},
		{
			"label_name": "Gyromitra esculenta",
			"proper_name": "Gyromitra esculenta",
			"scientific": "Gyromitra esculenta",
			"edibility": "Caution",
			"extratext": "POISONOUS if raw"
		},
		{
			"label_name": "Morchella semilibera",
			"proper_name": "Half-Free Morel",
			"scientific": "Morchella semilibera",
			"edibility": "Edible",
			"extratext": ""
		},
		{
			"label_name": "gasteromycete",
			"proper_name": "Gasteroid Fungi",
			"scientific": "Class Gasteromycetes",
			"edibility": "Unknown",
			"extratext": ""
		},
		{
			"label_name": "sac fungus",
			"proper_name": "Sac Fungus",
			"scientific": "Phylum Ascomycota",
			"edibility": "Unknown",
			"extratext": "Many species are edible but not all"
		},
		{
			"label_name": "old-man-of-the-woods",
			"proper_name": "Old-Man-of-the-Woods",
			"scientific": "Strobilomyces floccopus",
			"edibility": "Edible",
			"extratext": ""
		},
		{
			"label_name": "jack-o-lantern fungus",
			"proper_name": "Jack-O-Lantern fungus",
			"scientific": "Omphalotus illudens",
			"edibility": "POISONOUS",
			"extratext": ""
		},
		{
			"label_name": "Boletus chrysenteron",
			"proper_name": "Red Cracking Bolete",
			"scientific": "Boletus chrysenteron",
			"edibility": "Edible",
			"extratext": ""
		},
		{
			"label_name": "Helvella crispa",
			"proper_name": "White Saddle",
			"scientific": "Helvella crispa",
			"edibility": "Edible",
			"extratext": ""
		},
		{
			"label_name": "blewits",
			"proper_name": "Blewits",
			"scientific": "Clitocybe nuda",
			"edibility": "Edible",
			"extratext": ""
		},
		{
			"label_name": "Verpa bohemica",
			"proper_name": "Early Morel",
			"scientific": "Verpa bohemica",
			"edibility": "Edible",
			"extratext": ""
		},
		{
			"label_name": "waxycap",
			"proper_name": "Waxycap",
			"scientific": "Family Hygrophoraceae",
			"edibility": "Edible",
			"extratext": ""
		},
		{
			"label_name": "snow mushroom",
			"proper_name": "Snow Mushroom",
			"scientific": "Tremella fuciformis",
			"edibility": "Edible",
			"extratext": ""
		},
		{
			"label_name": "nameko",
			"proper_name": "Nameko",
			"scientific": "Pholiota microspora",
			"edibility": "Edible",
			"extratext": ""
		}


	]
}